Country,Id,Income status1,Population size2,Plastic waste generation [tonnes]3,PlasticWasteShare,Solid waste generation [tonnes]1,"% Plastic in solid waste1,4",Per capita plastic waste generation [kg/year]3,% Inadequately managed waste5,% Littered waste6,% Mismanaged waste3,2016 Mismanaged plastic waste [tonnes]3,Notes on United States estimates,,,,,,,,,,,
United States,840,HIC,323071342,42027215.12,18.17355743,320818436,13.1,130.0864845,0,2,2,840544.3023,Using refined estimate of solid waste generation and % plastic,,,,,,,,,,,
India,356,LMC,1324509589,26327932.64,11.38481801,277136133,9.5,19.87749493,77,2,79,20799066.78,,,,,,,,,,,,
China,156,UMC,1378665000,21599465.19,9.340117349,220402706,9.8,15.66694243,23.25,2,25.25,5453864.96,,,,,,,,,,,,
Brazil,76,UMC,206163058,10675989.14,4.616549089,79081401,13.5,51.78420052,23.20932,2,25.20932,2691344.264,,,,,,,,,,,,
Indonesia,360,LMC,261554226,9128000,3.947162137,65200000,14,34.8990729,58.5,2,60.5,5522440,,,,,,,,,,,,
Russian Federation,643,UMC,144342396,8467156.248,3.661397737,59585899,14.21,58.66021684,95.5,2,97.5,8255477.342,,,,,,,,,,,,
Germany,276,HIC,82348669,6683412.19,2.890064805,51410863,13,81.15992974,2.02,2,4.02,268673.17,,,,,,,,,,,,
United Kingdom,#N/A,HIC,65595565,6471649.942,2.798493823,32037871,20.2,98.6598704,2.572,2,4.572,295883.8353,,,,,,,,,,,,
Mexico,484,UMC,123333376,5902490.283,2.552375784,54151287,10.9,47.85801277,21,2,23,1357572.765,,,,,,,,,,,,
Japan,392,HIC,126994511,4881160.79,2.110728862,44374189,11,38.43599815,13.3,2,15.3,746817.6009,,,,,,,,,,,,
Thailand,764,UMC,68971331,4796494.322,2.074117088,27268302,17.59,69.5433052,60.25,2,62.25,2985817.715,,,,,,,,,,,,
"Korea, Rep.",#N/A,HIC,51245707,4514186.214,1.952040414,18576898,24.3,88.08906108,0,2,2,90283.72428,,,,,,,,,,,,
Italy,380,HIC,60627498,3365130.072,1.455161482,29009742,11.6,55.50501312,11.02,2,13.02,438139.9354,,,,,,,,,,,,
"Egypt, Arab Rep.",#N/A,LMC,94447072,3037674.77,1.313562099,23366729,13,32.16272041,87.5,2,89.5,2718718.919,,,,,,,,,,,,
France,250,HIC,66859768,2929042.26,1.266586843,32544914,9,43.80874101,0.02,2,2.02,59166.65365,,,,,,,,,,,,
Pakistan,586,LMC,203627284,2731768.29,1.181280933,30352981,9,13.41553173,70,2,72,1966873.169,,,,,,,,,,,,
Argentina,32,HIC,43590368,2656770.937,1.148850312,18184606,14.61,60.94857783,22.6,2,24.6,653565.6504,,,,,,,,,,,,
Algeria,12,UMC,40551404,2092007.06,0.904633113,12378740,16.9,51.58901675,0,2,2,41840.1412,,,,,,,,,,,,
Malaysia,458,UMC,30684804,2058501.3,0.890144434,13723342,15,67.08536577,17.875,2,19.875,409127.1334,,,,,,,,,,,,
Spain,724,HIC,46483569,1832533.47,0.792430623,20361483,9,39.42325233,0,2,2,36650.6694,,,,,,,,,,,,
Saudi Arabia,682,HIC,32442572,1810101.04,0.782730312,16455464,11,55.79400548,0,2,2,36202.0208,,,,,,,,,,,,
Colombia,170,UMC,48171392,1728873.42,0.747605577,13475241,12.83,35.89004487,4,2,6,103732.4052,,,,,,,,,,,,
Nigeria,566,LMC,185960289,1659502.464,0.717607942,34572968,4.8,8.923961524,80,2,82,1360792.02,,,,,,,,,,,,
Philippines,#N/A,LMC,103663927,1543667.877,0.667518338,14631923,10.55,14.89108045,72,2,74,1142314.229,,,,,,,,,,,,
"Iran, Islamic Rep.",#N/A,UMC,79564016,1500584.56,0.648888098,17653936,8.5,18.86009072,72.3,2,74.3,1114934.328,,,,,,,,,,,,
South Africa,710,UMC,56203654,1425323.242,0.616343332,20102994,7.090104302,25.35997468,0,2,2,28506.46485,,,,,,,,,,,,
Vietnam,#N/A,LMC,93638724,1404872.91,0.607500127,11562740,12.15,15.0031189,62,2,64,899118.6624,,,,,,,,,,,,
"Taiwan, China",#N/A,HIC,23557000,1392828.015,0.60229163,6884963,20.23,59.12586556,1,2,3,41784.84045,,,,,,,,,,,,
Poland,616,HIC,37970087,1341572.299,0.580127452,11059953,12.13,35.33234725,0,2,2,26831.44598,,,,,,,,,,,,
Kazakhstan,398,UMC,17794055,1281504.75,0.554152829,5126019,25,72.01870231,97.08,2,99.08,1269714.906,,,,,,,,,,,,
Kenya,404,LMC,49051686,1279842.773,0.553434151,6844079,18.7,26.09171829,92,2,94,1203052.207,,,,,,,,,,,,
Netherlands,#N/A,HIC,17030314,1251114.2,0.54101124,8936530,14,73.46395375,0,2,2,25022.284,,,,,,,,,,,,
"Hong Kong SAR, China",#N/A,HIC,7336600,1199186.94,0.51855667,5710414,21,163.4526811,0,2,2,23983.7388,,,,,,,,,,,,
"Venezuela, RB",#N/A,UMC,29846179,1160801.375,0.501957848,10093925,11.5,38.8927968,NR,2,NR,NR,,,,,,,,,,,,
"Congo, Dem. Rep.",#N/A,LIC,78789127,1078891.95,0.466538284,14385226,7.5,13.69341166,95.1,2,97.1,1047604.083,,,,,,,,,,,,
Ukraine,804,LMC,45004645,1053522.89,0.455568105,15050327,7,23.40920343,47.035,2,49.035,516594.9491,,,,,,,,,,,,
Australia,36,HIC,24190907,1035083.891,0.447594647,13601628,7.61,42.78813898,0,2,2,20701.67782,,,,,,,,,,,,
United Arab Emirates,#N/A,HIC,9360980,1028556.07,0.444771864,5413453,19,109.8769648,62,2,64,658275.8848,,,,,,,,,,,,
Turkey,792,UMC,79821724,959515.23,0.414916979,31983841,3,12.02072797,45,2,47,450972.1581,,,,,,,,,,,,
Israel,376,HIC,8546000,958004.64,0.414263764,5322248,18,112.0997707,0,2,2,19160.0928,,,,,,,,,,,,
Peru,604,UMC,30926032,919222.1356,0.397493296,8737853,10.52,29.72324854,56.39,2,58.39,536733.805,,,,,,,,,,,,
Switzerland,756,HIC,8373338,911616.15,0.394204289,6077441,15,108.8712948,0,2,2,18232.323,,,,,,,,,,,,
Myanmar,104,LMC,53045226,856961.025,0.370570126,7451835,11.5,16.1552903,100,2,100,856961.025,,,,,,,,,,,,
Tanzania,#N/A,LIC,53050790,814510.5,0.352213519,10860140,7.5,15.35340944,100.1,2,100,814510.5,,,,,,,,,,,,
Singapore,702,HIC,5607283,807202.0522,0.349053175,7629509,10.58,143.9560037,0,2,2,16144.04104,,,,,,,,,,,,
Greece,300,HIC,10775971,789092.36,0.341222117,5636374,14,73.22703077,1,2,3,23672.7708,,,,,,,,,,,,
Canada,124,HIC,36109487,769983.81,0.33295913,25666127,3,21.32358762,0,2,2,15399.6762,,,,,,,,,,,,
Bangladesh,50,LMC,157970840,764950.8101,0.330782743,16380103,4.67,4.842354514,94.75,2,96.75,740089.9088,,,,,,,,,,,,
Iraq,368,UMC,36610632,738899.3179,0.319517464,13967851,5.29,20.18264306,100,2,100,738899.3179,,,,,,,,,,,,
Chile,152,HIC,18209068,707902.626,0.306113764,7530879,9.4,38.87637885,13.8,2,15.8,111848.6149,,,,,,,,,,,,
Belgium,56,HIC,11331422,663510.544,0.286917583,4759760,13.94,58.55492312,2.26,2,4.26,28265.54917,,,,,,,,,,,,
Angola,24,LMC,28842484,651928.23,0.281909118,4829098,13.5,22.60305423,NR,2,NR,NR,,,,,,,,,,,,
Uganda,800,LIC,39647506,636505.548,0.275239987,8375073,7.6,16.05411316,87,2,89,566489.9377,,,,,,,,,,,,
Romania,642,UMC,19702332,615755.8845,0.266267344,4993965,12.33,31.2529443,30.53,2,32.53,200305.3892,,,,,,,,,,,,
Ecuador,218,UMC,16491115,607148.3704,0.262545252,5307241,11.44,36.81669617,33.88,2,35.88,217844.8353,,,,,,,,,,,,
Morocco,504,LMC,35126296,570101.6,0.246525356,7126270,8,16.2300517,54,2,56,319256.896,,,,,,,,,,,,
Austria,40,HIC,8736668,542460.552,0.234572716,4887032,11.1,62.09009567,2.22,2,4.22,22891.83529,,,,,,,,,,,,
Cote d'Ivoire,#N/A,LMC,23822714,541452.842,0.234136958,5525029,9.8,22.72842809,97,2,99,536038.3136,,,,,,,,,,,,
Portugal,620,HIC,10325452,512056.88,0.221425452,4776650,10.72,49.59171569,0,2,2,10241.1376,,,,,,,,,,,,
Belarus,112,UMC,9501534,507334.08,0.219383202,4227784,12,53.39496549,7.1,2,9.1,46167.40128,,,,,,,,,,,,
Guatemala,320,UMC,16583060,488395.8382,0.211193861,2824598,17.29080875,29.45149075,75,2,77,376064.7954,,,,,,,,,,,,
"Yemen, Rep.",#N/A,LIC,27168210,483682,0.209155486,4836820,10,17.803234,80,2,82,396619.24,,,,,,,,,,,,
Hungary,348,HIC,9814023,483046.46,0.208880664,3715742,13,49.22002526,0.06,2,2.06,9950.757076,,,,,,,,,,,,
Moldova,#N/A,LMC,3551954,462287.4,0.199903957,4622874,10,130.1501652,84.68,2,86.68,400710.7183,,,,,,,,,,,,
Kuwait,414,HIC,3956873,458077.8,0.198083627,2290389,20,115.7676276,100,2,100,458077.8,,,,,,,,,,,,
Puerto Rico,630,HIC,3406495,456821.56,0.197540399,4392515,10.4,134.103106,19.5,2,21.5,98216.6354,,,,,,,,,,,,
Jordan,400,UMC,9551467,446940.8,0.193267726,2793380,16,46.79289579,57,2,59,263695.072,,,,,,,,,,,,
Mongolia,496,LMC,3056359,420500,0.181834101,2900000,14.5,137.5820053,100,2,100,420500,,,,,,,,,,,,
Dominican Republic,#N/A,UMC,10397743,420275.6,0.181737066,4202756,10,40.41988728,91.7,2,93.7,393798.2372,,,,,,,,,,,,
Zimbabwe,716,LIC,14030390,413802.2,0.178937815,1799140,23,29.49327852,84,2,86,355869.892,,,,,,,,,,,,
Afghanistan,4,LIC,35383128,405253.8,0.175241286,5628525,7.2,11.45330622,NR,2,NR,NR,,,,,,,,,,,,
Oman,512,HIC,4479219,405081.18,0.175166641,1928958,21,90.43567193,99.99,2,100,405081.18,,,,,,,,,,,,
Ireland,372,HIC,4755335,391495.9,0.169292046,3157225,12.4,82.32772244,3,2,5,19574.795,,,,,,,,,,,,
Croatia,191,HIC,4174349,385686.151,0.166779773,1684219,22.9,92.39432328,2.24,2,4.24,16353.0928,,,,,,,,,,,,
Sudan,#N/A,LMC,39847440,371122.575,0.16048214,2922225,12.7,9.313586394,59,2,61,226384.7708,,,,,,,,,,,,
Bulgaria,100,UMC,7127822,370492.866,0.160209839,3049324,12.15,51.97841164,18.235,2,20.235,74969.23144,,,,,,,,,,,,
Rwanda,646,LIC,11668818,328872.675,0.142212289,4384969,7.5,28.18388932,NR,2,NR,NR,,,,,,,,,,,,
Honduras,340,LMC,9270795,311548.2348,0.134720793,2162028,14.41,33.60534181,28.8,2,30.8,95956.85632,,,,,,,,,,,,
Zambia,894,LMC,16363507,305198.362,0.131974958,3114269,9.8,18.65115846,NR,2,NR,NR,,,,,,,,,,,,
Tunisia,788,LMC,11303946,303846.29,0.13139029,2762239,11,26.87966574,56,2,58,176230.8482,,,,,,,,,,,,
Serbia,688,UMC,7058322,295230.4683,0.127664606,2319171,12.73,41.82728817,43.8075,2,45.8075,135237.6968,,,,,,,,,,,,
Haiti,332,LIC,10839970,293351.204,0.126851968,2309852,12.7,27.06199408,90.06,2,92.06,270059.1184,,,,,,,,,,,,
Sweden,752,HIC,9923085,291292.1914,0.125961603,4426933,6.58,29.35500315,0,2,2,5825.843828,,,,,,,,,,,,
Madagascar,450,LIC,24894380,282656.925,0.12222751,3768759,7.5,11.35424642,96.7,2,98.7,278982.385,,,,,,,,,,,,
New Zealand,554,HIC,4693200,270550.16,0.11699226,3381877,8,57.64726839,0,2,2,5411.0032,,,,,,,,,,,,
Cuba,192,UMC,11335109,270533.088,0.116984877,2818053,9.6,23.86682722,59.83,2,61.83,167270.6083,,,,,,,,,,,,
Syrian Arab Republic,760,LIC,17453933,269480.26,0.11652961,3849718,7,15.43951498,95,2,97,261395.8522,,,,,,,,,,,,
Nepal,524,LIC,27261131,267823.1178,0.115813023,1768977,15.14,9.82435827,87.88,2,89.88,240719.4183,,,,,,,,,,,,
Lebanon,422,UMC,6711121,247112.345,0.106857197,2148803,11.5,36.82132165,29,2,31,76604.82695,,,,,,,,,,,,
Burkina Faso,854,LIC,18646378,239327.19,0.103490712,2659191,9,12.83504979,83.75,2,85.75,205223.0654,,,,,,,,,,,,
Bolivia,#N/A,LMC,11031813,232092.3892,0.100362214,2276967,10.19305019,21.03846296,55.52,2,57.52,133499.5423,,,,,,,,,,,,
West Bank and Gaza,#N/A,LMC,4367088,231306.64,0.100022438,1628920,14.2,52.96587566,67,2,69,159601.5816,,,,,,,,,,,,
Azerbaijan,31,UMC,9757812,228304.2928,0.098724152,2900944,7.87,23.39707844,100,2,100,228304.2928,,,,,,,,,,,,
Senegal,686,LIC,14993528,220865.31,0.095507361,2454059,9,14.73070981,94.9,2,96.9,214018.4854,,,,,,,,,,,,
Paraguay,600,UMC,6777872,214189.11,0.092620415,1862514,11.5,31.60123266,23.4,2,25.4,54404.03394,,,,,,,,,,,,
South Sudan,728,LIC,10832512,214119.45,0.092590292,2854926,7.5,19.7663709,NR,2,NR,NR,,,,,,,,,,,,
Ghana,288,LMC,28481946,211518.32,0.091465502,5287958,4,7.426399867,NR,2,NR,NR,,,,,,,,,,,,
Nicaragua,558,LMC,6303974,205547.55,0.088883601,1787370,11.5,32.60602756,90.2,2,92.2,189514.8411,,,,,,,,,,,,
Slovak Republic,#N/A,HIC,5430798,199500.4,0.086268671,1813640,11,36.73500653,5.66,2,7.66,15281.73064,,,,,,,,,,,,
Mozambique,508,LIC,27829942,198365.475,0.085777902,2644873,7.5,7.127771772,99,2,100,198365.475,,,,,,,,,,,,
Panama,591,HIC,4037078,181993.44,0.078698249,1516612,12,45.08048643,42.3,2,44.3,80623.09392,,,,,,,,,,,,
Libya,434,UMC,6492164,181481.925,0.078477058,2419759,7.5,27.95399577,NR,2,NR,NR,,,,,,,,,,,,
Sri Lanka,144,LMC,21203000,180701.08,0.078139402,2581444,7,8.522429845,85,2,87,157209.9396,,,,,,,,,,,,
El Salvador,222,LMC,6356143,178687.1,0.07726851,1786871,10,28.11250471,21.8,2,23.8,42527.5298,,,,,,,,,,,,
Tajikistan,762,LIC,8663579,176178.5125,0.076183737,1968475,8.95,20.33553483,100,2,100,176178.5125,,,,,,,,,,,,
Somalia,706,LIC,14185613,174457.425,0.075439499,2326099,7.5,12.2981943,NR,2,NR,NR,,,,,,,,,,,,
Costa Rica,188,UMC,4899345,167858.02,0.07258576,1525982,11,34.2613186,9.1,2,11.1,18632.24022,,,,,,,,,,,,
Qatar,634,HIC,2654374,167331.5,0.072358081,1195225,14,63.03991073,0,2,2,3346.63,,,,,,,,,,,,
Ethiopia,231,LIC,103603501,154742.643,0.066914363,6727941,2.3,1.493604381,100,2,100,154742.643,,,,,,,,,,,,
Bosnia and Herzegovina,70,UMC,3386267,141878.5875,0.061351642,1261143,11.25,41.8982282,67.32903,2,69.32903,98363.04849,,,,,,,,,,,,
Trinidad and Tobago,780,HIC,1377564,140173.5321,0.060614336,731213,19.17,101.7546423,87.2,2,89.2,125034.7906,,,,,,,,,,,,
Uruguay,858,HIC,3424132,139881.06,0.060487864,1271646,11,40.85153843,19.8,2,21.8,30494.07108,,,,,,,,,,,,
Lithuania,440,HIC,2868231,134042.524,0.057963144,1320616,10.15,46.73351763,1.39,2,3.39,4544.041564,,,,,,,,,,,,
Jamaica,388,UMC,2906238,128306.79,0.055482877,1051695,12.2,44.14875519,36,2,38,48756.5802,,,,,,,,,,,,
Kyrgyz Republic,#N/A,LMC,6079500,126058.8375,0.05451081,1120523,11.25,20.73506662,100,2,100,126058.8375,,,,,,,,,,,,
Cameroon,120,LMC,23926539,119518.014,0.051682404,3621758,3.3,4.995206954,80.3,2,82.3,98363.32552,,,,,,,,,,,,
Togo,768,LIC,7509952,116945.5,0.050569988,1169455,10,15.57207023,96.2,2,98.2,114840.481,,,,,,,,,,,,
Slovenia,705,HIC,2065042,115627.995,0.050000268,943902,12.25,55.9930476,6.15,2,8.15,9423.681593,,,,,,,,,,,,
Uzbekistan,860,LMC,31847900,115565.375,0.049973189,4622615,2.5,3.628665469,100,2,100,115565.375,,,,,,,,,,,,
Mauritania,478,LMC,4163534,114598.4,0.049555047,572992,20,27.52430988,54.7,2,56.7,64977.2928,,,,,,,,,,,,
Albania,8,UMC,2876101,113098.656,0.048906522,1178111,9.6,39.32360373,NR,2,NR,NR,,,,,,,,,,,,
"Macedonia, FYR",#N/A,UMC,2080745,110725.315,0.047880233,796585,13.9,53.2142646,24.93,2,26.93,29818.32733,,,,,,,,,,,,
Malawi,454,LIC,17205289,106140.3,0.045897565,1415204,7.5,6.169050691,NR,2,NR,NR,,,,,,,,,,,,
Papua New Guinea,598,LMC,8271760,105240.8,0.0455086,1052408,10,12.72290299,37,2,39,41043.912,,,,,,,,,,,,
Burundi,108,LIC,10487998,103253.15,0.044649093,2950090,3.5,9.844886507,NR,2,NR,NR,,,,,,,,,,,,
Benin,204,LIC,10872067,102301.178,0.044237438,1401386,7.3,9.409542638,75,2,77,78771.90706,,,,,,,,,,,,
Cambodia,116,LMC,15766293,99747.874,0.043133329,1159859,8.6,6.326653577,100,2,100,99747.874,,,,,,,,,,,,
Chad,148,LIC,14561666,98746.14,0.042700156,1645769,6,6.78123918,NR,2,NR,NR,,,,,,,,,,,,
Estonia,233,HIC,1315790,88500.288,0.038269608,475808,18.6,67.26019198,12.89,2,14.89,13177.69288,,,,,,,,,,,,
"Congo, Rep.",#N/A,LMC,4980999,87635.226,0.037895535,894237,9.8,17.59390556,73.8,2,75.8,66427.50131,,,,,,,,,,,,
Niger,#N/A,LIC,20788838,85628.3,0.037027693,4281415,2,4.118955566,96,2,98,83915.734,,,,,,,,,,,,
Central African Republic,#N/A,LIC,4537687,83041.35,0.035909035,1107218,7.5,18.30036977,NR,2,NR,NR,,,,,,,,,,,,
Cyprus,196,HIC,1170187,81473.3878,0.035231011,551614,14.77,69.62424621,7.58,2,9.58,7805.150551,,,,,,,,,,,,
Czech Republic,#N/A,HIC,10566332,74572.564,0.032246933,3389662,2.2,7.057563968,0.01,2,2.01,1498.908536,,,,,,,,,,,,
Denmark,208,HIC,5728010,72896.3886,0.031522115,4527726,1.61,12.72630261,0.02,2,2.02,1472.50705,,,,,,,,,,,,
Bahrain,48,HIC,1425791,70443.782,0.03046155,951943,7.4,49.40680787,0,2,2,1408.87564,,,,,,,,,,,,
Latvia,428,HIC,1959537,66600.072,0.028799439,864936,7.7,33.98765729,15.65,2,17.65,11754.91271,,,,,,,,,,,,
Luxembourg,442,HIC,582014,64973.52,0.02809608,360964,18,111.6356651,0.28,2,2.28,1481.396256,,,,,,,,,,,,
Montenegro,499,UMC,622303,62543.6364,0.027045341,339542,18.42,100.503511,94.58,2,96.58,60404.64404,,,,,,,,,,,,
Sierra Leone,694,LIC,7328838,62190.45,0.026892615,829206,7.5,8.485717654,NR,2,NR,NR,,,,,,,,,,,,
Eritrea,232,LIC,4955000,58068.675,0.025110262,774249,7.5,11.71920787,NR,2,NR,NR,,,,,,,,,,,,
Armenia,51,UMC,2936146,57174.192,0.024723467,501528,11.4,19.47253032,100,2,100,57174.192,,,,,,,,,,,,
Mauritius,480,UMC,1263473,54254.34,0.023460854,437535,12.4,42.9406406,0,2,2,1085.0868,,,,,,,,,,,,
Liberia,430,LIC,4586788,54221.175,0.023446513,722949,7.5,11.8211644,NR,2,NR,NR,,,,,,,,,,,,
Norway,578,HIC,5234519,49877.9775,0.021568412,2216799,2.25,9.528664907,1.42,2,3.42,1705.826831,,,,,,,,,,,,
Namibia,516,UMC,2358041,49176.106,0.021264906,501797,9.8,20.85464417,95.5,2,97.5,47946.70335,,,,,,,,,,,,
Iceland,352,HIC,335439,48571.74,0.021003564,539686,9,144.8005151,9.14,2,11.14,5410.891836,,,,,,,,,,,,
Mali,466,LIC,17965429,44151.78,0.019092269,2207589,2,2.457596754,NR,2,NR,NR,,,,,,,,,,,,
Solomon Islands,90,LMC,619437,42950.442,0.018572782,192172,22.35,69.33786971,100,2,100,42950.442,,,,,,,,,,,,
Finland,246,HIC,5495303,40158.852,0.017365633,2769576,1.45,7.307850359,0.01,2,2.01,807.1929252,,,,,,,,,,,,
Gabon,266,UMC,2007873,39585.238,0.017117589,403931,9.8,19.71501086,NR,2,NR,NR,,,,,,,,,,,,
Guinea,324,LIC,11738441,37646.76,0.016279345,941169,4,3.207134576,95,2,97,36517.3572,,,,,,,,,,,,
Kosovo,#N/A,LMC,1816200,35560.91,0.015377375,323281,11,19.57984253,33.57,2,35.57,12649.01569,,,,,,,,,,,,
Brunei Darussalam,96,HIC,419800,34600.48,0.014962062,216253,16,82.4213435,28,2,30,10380.144,,,,,,,,,,,,
"Bahamas, The",#N/A,HIC,377931,34312.98,0.014837741,263946,13,90.79165244,NR,2,NR,NR,,,,,,,,,,,,
"Micronesia, Fed. Sts.",#N/A,LMC,110215,33974.1557,0.014691225,129821,26.17,308.2534655,NR,2,NR,NR,,,,,,,,,,,,
Malta,470,HIC,455356,32453.04,0.014033459,270442,12,71.26960005,3.35,2,5.35,1736.23764,,,,,,,,,,,,
Barbados,52,HIC,285796,30569.157,0.013218823,178767,17.1,106.9614585,1,2,3,917.07471,,,,,,,,,,,,
"Macao SAR, China",#N/A,HIC,612836,29857.418,0.012911051,377942,7.9,48.72007845,80,2,82,24483.08276,,,,,,,,,,,,
Guyana,328,UMC,771366,28749.746,0.012432067,202463,14.2,37.27121237,53.4325,2,55.4325,15936.70295,,,,,,,,,,,,
Georgia,268,LMC,3727505,25637.31,0.011086177,854577,3,6.877874074,NR,2,NR,NR,,,,,,,,,,,,
Botswana,72,UMC,2159944,24741.276,0.01069871,252462,9.8,11.45459142,99,2,100,24741.276,,,,,,,,,,,,
"Gambia, The",#N/A,LIC,2149139,22631.325,0.009786318,301751,7.5,10.53041474,NR,2,NR,NR,,,,,,,,,,,,
Guinea-Bissau,624,LIC,1782437,22323,0.009652991,297640,7.5,12.5238648,NR,2,NR,NR,,,,,,,,,,,,
Lao PDR,#N/A,LMC,6845846,22232.243,0.009613745,364463,6.1,3.247552311,60,2,62,13783.99066,,,,,,,,,,,,
Virgin Islands (U.S.),850,HIC,107510,22193.6,0.009597035,170720,13,206.43289,NR,2,NR,NR,,,,,,,,,,,,
Channel Islands,#N/A,HIC,166923,21919.2925,0.009478418,178933,12.25,131.3137944,0,2,2,438.38585,,,,,,,,,,,,
Eswatini,748,LMC,1113984,21383.502,0.00924673,218199,9.8,19.19551986,NR,2,NR,NR,,,,,,,,,,,,
Bhutan,64,LMC,736709,19844.11,0.00858106,152647,13,26.93615797,0,2,2,396.8822,,,,,,,,,,,,
Belize,84,UMC,368400,19463.6,0.008416519,102440,19,52.83279045,66,2,68,13235.248,,,,,,,,,,,,
Equatorial Guinea,226,UMC,1215179,19447.414,0.00840952,198443,9.8,16.0037443,NR,2,NR,NR,,,,,,,,,,,,
Djibouti,262,LMC,929112,17521.285,0.007576616,152359,11.5,18.85809784,NR,2,NR,NR,,,,,,,,,,,,
New Caledonia,540,HIC,276550,17504.19,0.007569224,106086,16.5,63.29484722,NR,2,NR,NR,,,,,,,,,,,,
St. Lucia,#N/A,UMC,180024,17239.42,0.007454731,78361,22,95.76178732,3.1,2,5.1,879.21042,,,,,,,,,,,,
Guam,316,HIC,162951,16684.324,0.007214695,134551,12.4,102.3885953,18.15,2,20.15,3361.891286,,,,,,,,,,,,
Fiji,242,UMC,872399,15470.775,0.006689927,206277,7.5,17.73360011,55.55,2,57.55,8903.431013,,,,,,,,,,,,
Aruba,533,HIC,104872,13898.625,0.006010093,111189,12.5,132.5294168,89,2,91,12647.74875,,,,,,,,,,,,
Cabo Verde,132,LMC,531146,13706.672,0.005927088,139864,9.8,25.80584623,NR,2,NR,NR,,,,,,,,,,,,
Bermuda,60,HIC,64555,13293.93,0.005748608,102261,13,205.9318411,0,2,2,265.8786,,,,,,,,,,,,
Turkmenistan,795,UMC,5662372,12399.8238,0.005361976,566202,2.19,2.189863859,25,2,27,3347.952426,,,,,,,,,,,,
Timor-Leste,626,LMC,1219288,10539.375,0.004557474,63875,16.5,8.64387659,NR,2,NR,NR,,,,,,,,,,,,
Suriname,740,UMC,564888,9086.99,0.003929428,82609,11,16.08635694,100,2,100,9086.99,,,,,,,,,,,,
Lesotho,426,LMC,2075001,8622.138,0.003728415,87981,9.8,4.155245226,NR,2,NR,NR,,,,,,,,,,,,
Cayman Islands,#N/A,HIC,62569,8375.51,0.003621768,76141,11,133.8603781,79,2,81,6784.1631,,,,,,,,,,,,
Faeroe Islands,#N/A,HIC,48173,8070.545,0.003489894,65882,12.25,167.532539,33,2,35,2824.69075,,,,,,,,,,,,
St. Kitts and Nevis,#N/A,HIC,51625,7744.16,0.003348757,33380,23.2,150.0079419,0,2,2,154.8832,,,,,,,,,,,,
Isle of Man,833,HIC,83287,6918.31,0.00299164,56476,12.25,83.06590464,0,2,2,138.3662,,,,,,,,,,,,
Maldives,462,UMC,475513,6739.89,0.002914487,224663,3,14.17393426,87,2,89,5998.5021,,,,,,,,,,,,
Kiribati,296,LMC,112524,5894.46,0.002548903,35724,16.5,52.38402474,NR,2,NR,NR,,,,,,,,,,,,
Seychelles,690,HIC,94677,5338.179,0.002308354,53921,9.9,56.3830603,NR,2,NR,NR,,,,,,,,,,,,
Grenada,308,UMC,110261,5306.876,0.002294818,32359,16.4,48.13012761,1.5,2,3.5,185.74066,,,,,,,,,,,,
Northern Mariana Islands,#N/A,HIC,56188,5102.13,0.002206281,30922,16.5,90.8046202,64,2,66,3367.4058,,,,,,,,,,,,
Andorra,20,HIC,77297,4926.122,0.002130171,43594,11.3,63.72979546,47.9,2,49.9,2458.134878,,,,,,,,,,,,
Comoros,#N/A,LIC,795592,4656.7,0.002013667,93134,5,5.853125723,NR,2,NR,NR,,,,,,,,,,,,
Vanuatu,548,LMC,278330,4529.5125,0.001958668,70225,6.45,16.2738925,63,2,65,2944.183125,,,,,,,,,,,,
Antigua and Barbuda,28,HIC,94527,4321.07,0.001868532,33239,13,45.71254774,1.24,2,3.24,140.002668,,,,,,,,,,,,
Curacao,#N/A,HIC,159664,3973.375,0.001718181,31787,12.5,24.88585404,98,2,100,3973.375,,,,,,,,,,,,
Samoa,882,UMC,194535,3765.32,0.001628213,28964,13,19.35548873,33,2,35,1317.862,,,,,,,,,,,,
Palau,585,HIC,17725,3016.64,0.001304466,9427,32,170.1912553,NR,2,NR,NR,,,,,,,,,,,,
Gibraltar,292,HIC,33737,2975.4946,0.001286674,18761,15.86,88.19677505,NR,2,NR,NR,,,,,,,,,,,,
French Polynesia,258,HIC,274575,2791.7,0.001207197,139585,2,10.16734954,61,2,63,1758.771,,,,,,,,,,,,
St. Vincent and the Grenadines,#N/A,UMC,109459,2667.924,0.001153673,31761,8.4,24.37372898,28.5775,2,30.5775,815.7844611,,,,,,,,,,,,
Sao Tome and Principe,678,LMC,203227,2645.902,0.00114415,26999,9.8,13.01944131,NR,2,NR,NR,,,,,,,,,,,,
British Virgin Islands,#N/A,HIC,29355,2643.48,0.001143103,41960,6.3,90.05212059,19.7,2,21.7,573.63516,,,,,,,,,,,,
American Samoa,16,UMC,55741,2430.592,0.001051045,18989,12.8,43.60510217,NR,2,NR,NR,,,,,,,,,,,,
St. Martin (French part),#N/A,HIC,36065,2415.25,0.001044411,19322,12.5,66.96936088,NR,2,NR,NR,,,,,,,,,,,,
Tonga,776,UMC,101133,2391.766,0.001034256,17849,13.4,23.6497088,70,2,72,1722.07152,,,,,,,,,,,,
Dominica,212,UMC,71307,2166.72,0.000936941,13542,16,30.38579663,6,2,8,173.3376,,,,,,,,,,,,
Liechtenstein,438,HIC,37658,1916.244,0.000828629,35486,5.4,50.88544267,35.4,2,37.4,716.675256,,,,,,,,,,,,
Greenland,304,HIC,56186,1286.424,0.00055628,53601,2.4,22.89581034,0,2,2,25.72848,,,,,,,,,,,,
Marshall Islands,#N/A,UMC,57735,1126.58,0.00048716,8666,13,19.51294709,63.2,2,65.2,734.53016,,,,,,,,,,,,
San Marino,674,HIC,33504,961.8,0.000415905,17175,5.6,28.70702006,54.95,2,56.95,547.7451,,,,,,,,,,,,
Nauru,520,UMC,13049,888.36,0.000384148,5384,16.5,68.07877998,NR,2,NR,NR,,,,,,,,,,,,
Tuvalu,798,UMC,11225,658.185,0.000284615,3989,16.5,58.63563474,85,2,87,572.62095,,,,,,,,,,,,
Monaco,492,HIC,38070,506.85,0.000219174,50685,1,13.31363278,9.6,2,11.6,58.7946,,,,,,,,,,,,
Sint Maarten (Dutch part),534,HIC,39969,,0,,13,NR,NR,2,NR,NR,,,,,,,,,,,,
Turks and Caicos Islands,#N/A,HIC,36559,,0,,16.3,NR,NR,2,NR,NR,,,,,,,,,,,,
